요일,일정,카테고리
1.1,양력설,공휴일
1.21,설 연휴,공휴일
1.22,설 연휴,공휴일
1.23,설 연휴,공휴일
1.24,대체공휴일,공휴일
3.1,3.1절,공휴일
5.5,어린이날,공휴일
5.27,석가탄신일,공휴일
6.6,현충일,공휴일
8.15,광복절,공휴일
9.28,추석 연휴,공휴일
9.29,추석 연휴,공휴일
9.30,추석 연휴,공휴일
10.3,개천절,공휴일
10.9,한글날,공휴일
12.25,성탄절,공휴일
7.17,제헌절,나라기념일
2.28,2.28 민주운동 기념일,나라기념일
3.3,납세자의 날,나라기념일
3.8,3.8 민주의거 기념일,나라기념일
3.15,3.15 의거 기념일,나라기념일
4.3,4.3 희생자 추념일,나라기념일
4.5,식목일,나라기념일
4.7,보건의 날,나라기념일
4.11,대한민국 임시정부 수립 기념일,나라기념일
4.19,4.19 혁명 기념일,나라기념일
4.2,장애인의 날,나라기념일
4.21,과학의 날,나라기념일
4.22,정보통신의 날,나라기념일
4.25,법의 날,나라기념일
4.28,충무공 이순신 탄신일,나라기념일
5.1,근로자의 날,나라기념일
5.8,어버이 날,나라기념일
5.11,동학농민혁명 기념일,나라기념일
5.15,스승의 날,나라기념일
5.18,5.18 민주화운동 기념일,나라기념일
5.21,부부의 날,나라기념일
5.31,바다의 날,나라기념일
6.1,의병의 날,나라기념일
6.5,환경의 날,나라기념일
6.10,6.10 민주항쟁 기념일,나라기념일
6.10,6.10 만세운동 기념일,나라기념일
6.25,6.25 전쟁일,나라기념일
6.28,철도의 날,나라기념일
9.7,푸른하늘의 날,나라기념일
10.1,국군의 날,나라기념일
10.2,노인의 날,나라기념일
10.5,세계 한인의 날,나라기념일
10.8,재향군인의 날,나라기념일
10.15,체육의 날,나라기념일
10.16,부마 민주항쟁 기념일,나라기념일
10.21,경찰의 날,나라기념일
10.24,국제연합일,나라기념일
10.28,교정의 날,나라기념일
10.29,지방자치의 날,나라기념일
11.3,학생독립운동 기념일,나라기념일
11.11,농업인의 날,나라기념일
11.17,순국선열의 날,나라기념일
12.3,소비자의 날,나라기념일
12.5,무역의 날,나라기념일
12.27,원자력 안전 및 진흥의 날,나라기념일
